,,,,,,,,,
Top 100,Type,Gemeenten gesorteerd op grootte,Wie ingevuld?,Datum (wijziging),Corona Informatie,Corona specifiek nieuws,Algemeen nieuws,Opmerkingen,
1,Gemeente,Amsterdam,Tom,04-05-2020,,https://www.amsterdam.nl/coronavirus,https://www.amsterdam.nl/nieuws/,,
2,Gemeente,Rotterdam,Tom,04-05-2020,,https://www.rotterdam.nl/wonen-leven/coronanieuws/,https://www.rotterdam.nl/nieuws/,,
3,Gemeente,s-Gravenhage,Tom,04-05-2020,,https://www.denhaag.nl/nl/bestuur-en-organisatie/coronavirus-1.htm,https://www.denhaag.nl/nl/in-de-stad/nieuws.htm,,
4,Gemeente,Utrecht,Tom,04-05-2020,,https://www.utrecht.nl/bestuur-en-organisatie/coronavirus/,https://www.utrecht.nl/nieuws/,,
5,Gemeente,Eindhoven,Tom,04-05-2020,,https://www.eindhoven.nl/stad-en-wonen/stad/informatie-over-coronavirus,https://www.eindhoven.nl/nieuws,,
6,Gemeente,Tilburg,Tom,06-05-2020,,https://www.tilburg.nl/actueel/crisis/,https://www.tilburg.nl/actueel/,,
7,Gemeente,Groningen,Tom,06-05-2020,,https://gemeente.groningen.nl/coronavirus,https://gemeente.groningen.nl/actueel/nieuws,,
8,Gemeente,Almere,Tom,06-05-2020,,https://www.almere.nl/nc/wonen/zorg-en-welzijn/maatregelen-in-almere-tegen-coronavirus/,https://www.almere.nl/over-almere/actueel/,,
9,Gemeente,Breda,Tom,06-05-2020,,https://www.breda.nl/coronavirus,https://www.breda.nl/nieuwsberichten,,
10,Gemeente,Nijmegen,Tom,06-05-2020,,https://www.nijmegen.nl/nieuws/nieuwsdossiers/dossier-coronavirus-covid-19/,https://www.nijmegen.nl/nieuws/,,checken bij Breyten: onderscheid maken tussen nieuws & informatie?
11,Gemeente,Apeldoorn,Tom,06-05-2020,,https://www.apeldoorn.nl/coronanieuws,https://www.apeldoorn.nl/nieuws,,
12,Gemeente,Haarlem,Tom,06-05-2020,,https://www.haarlem.nl/corona-nieuws-overzicht/,https://www.haarlem.nl/nieuws-en-actualiteiten/,,
13,Gemeente,Enschede,Tom,06-05-2020,,https://www.enschede.nl/nieuws/actuele-informatie-over-coronavirus,https://www.enschede.nl/nieuws,,
14,Gemeente,Arnhem,Tom,06-05-2020,,https://www.arnhem.nl/actueel/alle_nieuwsberichten/Informatie_over_het_Coronavirus,https://www.arnhem.nl/actueel/alle_nieuwsberichten,,
15,Gemeente,Amersfoort,Tom,06-05-2020,,https://www.amersfoort.nl/zorg-en-ondersteuning/to-2/actuele-informatie-corona.htm,https://www.amersfoort.nl/nieuws.htm,,
16,Gemeente,Zaanstad,Tom,06-05-2020,,https://www.zaanstad.nl/mozard/!suite86.scherm0325?mPag=1731&mLok=1,https://www.zaanstad.nl/mozard/!suite05.scherm1069?mNwc=1,,
17,Gemeente,s-Hertogenbosch,Tom,06-05-2020,,https://www.s-hertogenbosch.nl/corona.html,https://www.s-hertogenbosch.nl/actueel/nieuws.html,,
18,Gemeente,Haarlemmermeer,Tom,06-05-2020,,https://haarlemmermeergemeente.nl/taak/corona,https://haarlemmermeergemeente.nl/nieuwsoverzicht,,
19,Gemeente,Zwolle,Tom,06-05-2020,,https://www.zwolle.nl/nieuws-over-coronavirus,https://www.zwolle.nl/nieuws,,
20,Gemeente,Zoetermeer,Tom,06-05-2020,,https://www.zoetermeer.nl/inwoners/coronavirus-in-zoetermeer_48552?pk_campaign=Redirects&pk_kwd=corona,https://www.zoetermeer.nl/inwoners/nieuws_45887/,,
21,Gemeente,Leiden,Tom,06-05-2020,,https://gemeente.leiden.nl/veelgestelde-vragen-en-nieuws-over-het-coronavirus/,https://gemeente.leiden.nl/nieuws/,,
22,Gemeente,Maastricht,Tom,06-05-2020,,https://www.gemeentemaastricht.nl/stad/steunpunt-corona,https://www.gemeentemaastricht.nl/stad/actueel,,
23,Gemeente,Dordrecht,Tom,06-05-2020,,https://cms.dordrecht.nl/Inwoners/Overzicht_Inwoners/Nieuws/Nieuws,https://cms.dordrecht.nl/Inwoners/Overzicht_Inwoners/Informatie_coronavirus,,
24,Gemeente,Ede,Tom,06-05-2020,,https://www.ede.nl/corona-nieuws,https://www.ede.nl/nieuws,,
25,Gemeente,Alphen Aan Den Rijn,Tom,06-05-2020,https://www.alphenaandenrijn.nl/Inwoners_en_bedrijven/Inhoud_homepage_Inwoners_en_bedrijven/Coronavirus,https://www.alphenaandenrijn.nl/Inwoners_en_bedrijven/Inhoud_homepage_Inwoners_en_bedrijven/Coronavirus/Nieuws_updates_maatregelen_Alphen_aan_den_Rijn,https://www.allesinalphen.nl/gemeentenieuws.html,,
26,Gemeente,Leeuwarden,Tom,06-05-2020,https://www.leeuwarden.nl/nl/coronavirus-covid-19,,https://www.leeuwarden.nl/nl/actueel,,
27,Gemeente,Alkmaar,Tom,06-05-2020,https://www.alkmaar.nl/coronavirus/,https://www.alkmaar.nl/actueel/15662/coronavirus-in-noord-holland-noord/,https://www.alkmaar.nl/actueel,,
28,Gemeente,Emmen,Tom,06-05-2020,https://gemeente.emmen.nl/coronavirus,https://gemeente.emmen.nl/informatie-coronavirus/nieuws-coronavirus,https://gemeente.emmen.nl/nieuws,,
29,Gemeente,Westland,Tom,06-05-2020,https://www.gemeentewestland.nl/coronavirus.html,https://www.gemeentewestland.nl/coronavirus/nieuws.html,https://www.gemeentewestland.nl/actueel/nieuws.html,,
30,Gemeente,Delft,Tom,06-05-2020,,https://www.delft.nl/nieuws-over-coronavirus,https://www.delft.nl/nieuws,Heeft aparte nieuwspagina voor Ondernemen (wel onder nieuws corona te vinden),
31,Gemeente,Venlo,Tom,06-05-2020,https://www.venlo.nl/informatie-coronavirus,https://www.venloonline.nl/nieuws/tag/coronavirus,https://www.venloonline.nl/,,
32,Gemeente,Deventer,Tom,06-05-2020,https://coronavirus.deventer.nl/,https://coronavirus.deventer.nl/updates,https://www.deventer.nl/nieuws,,
33,Gemeente,Sittard-Geleen,Tom,06-05-2020,https://www.sittard-geleen.nl/Inwoners/Actueel/Coronavirus,https://www.sittard-geleen.nl/Inwoners/Actueel/Coronavirus,https://www.sittard-geleen.nl/Inwoners/Actueel/Nieuws_en_persberichten,Aparte nieuwspagina voor ondernemers,
34,Gemeente,Helmond,Tom,06-05-2020,https://www.helmond.nl/Coronavirus,https://www.helmond.nl/coronavirus-nieuws-gemeente-helmond,https://www.helmond.nl/nieuws,,
35,Gemeente,Oss,Tom,06-05-2020,,https://www.oss.nl/inwoners/actueel/Coronavirus-1.htm,https://www.oss.nl/inwoners/actueel/nieuwsberichten.htm,,
36,Gemeente,Amstelveen,Tom,06-05-2020,,https://www.amstelveen.nl/home/nieuws/informatie-coronavirus,https://www.amstelveen.nl/home/publicatie/nieuws,,
37,Gemeente,Hilversum,Tom,06-05-2020,https://www.hilversum.nl/Home/Inwoner/Nieuws/Nieuwsitems/Corona_in_Hilversum,https://www.hilversum.nl/Home/Inwoner/Nieuws/Nieuwsitems/Corona,https://www.hilversum.nl/Home/Inwoner/Nieuws/Nieuwsitems,,
38,Gemeente,Heerlen,Tom,06-05-2020,https://www.heerlen.nl/corona.html,,https://www.heerlen.nl/actueel/nieuwsoverzicht.html,,
39,Gemeente,Nissewaard,Tom,06-05-2020,https://www.nissewaard.nl/coronavirus-1.htm,,https://www.nissewaard.nl/nieuws.htm,,
40,Gemeente,Súdwest-Fryslân,Tom,06-05-2020,https://sudwestfryslan.nl/nieuws/informatie-coronavirus/,,https://sudwestfryslan.nl/categorie/nieuws/,,
41,Gemeente,Hengelo,Tom,06-05-2020,https://www.hengelo.nl/Welkom-in-Hengelo/Beheer/Overige-pagina-s/Informatie-over-het-Coronavirus.html,,https://www.hengelo.nl/Welkom-in-Hengelo/Beheer/Nieuwsoverzicht.html,,
42,Gemeente,Purmerend,Tom,06-05-2020,,https://www.purmerend.nl/actuele-informatie-over-het-coronavirus-purmerend,https://www.purmerend.nl/nieuwsoverzicht,,
43,Gemeente,Meierijstad,Tom,06-05-2020,https://www.meierijstad.nl/home/coronavirus-covid-19_43523/,,https://www.meierijstad.nl/home/nieuws_3190/,,
44,Gemeente,Schiedam,Tom,06-05-2020,https://www.schiedam.nl/a-tot-z/coronavirus,https://www.schiedam.nl/a-tot-z/laatste-nieuws,https://www.schiedam.nl/nieuws,,
45,Gemeente,Roosendaal,Tom,06-05-2020,https://roosendaal.nl/informatie-over-corona,https://roosendaal.nl/laatste-nieuws,https://roosendaal.nl/nieuwsoverzicht,,
46,Gemeente,Lelystad,Tom,06-05-2020,https://www.lelystad.nl/coronavirus,https://www.lelystad.nl/4/coronavirus/Nieuwsoverzicht-coronavirus.html,https://www.lelystad.nl/4/Lelystad/Nieuws,,
47,Gemeente,Leidschendam-Voorburg,Tom,06-05-2020,https://www.lv.nl/alles-over-coronavirus,https://www.lv.nl/nieuws-over-coronavirus,https://www.lv.nl/nieuwsoverzicht,,
48,Gemeente,Hoorn,Tom,06-05-2020,https://www.hoorn.nl/coronavirus,,https://www.hoorn.nl/nieuws,,
49,Gemeente,Almelo,Tom,06-05-2020,https://www.almelo.nl/informatie-corona,,https://www.almelo.nl/nieuwsoverzicht,,
50,Gemeente,Vlaardingen,Tom,06-05-2020,,https://www.vlaardingen.nl/Organisatie/Nieuws_en_actualiteiten/Nieuws/Coronavirus_in_Vlaardingen,https://www.vlaardingen.nl/Onderwerpen/Onderwerpen_homepagina_inhoud/Nieuws,,
51,Gemeente,Gouda,Tom,06-05-2020,https://www.gouda.nl/Bestuur_en_organisatie/Publicaties_en_besluiten/Nieuwsberichten/Coronavirus,https://www.gouda.nl/Bestuur_en_organisatie/Publicaties_en_besluiten/Nieuwsberichten/Coronavirus/Informatie_coronavirus/Nieuwsberichten_coronavirus,https://www.gouda.nl/Bestuur_en_organisatie/Publicaties_en_besluiten/Nieuwsberichten,,
52,Gemeente,Velsen,Tom,06-05-2020,https://www.velsen.nl/corona,https://www.velsen.nl/corona/nieuwsarchief,https://www.velsen.nl/nieuws,,
53,Gemeente,Assen,Tom,06-05-2020,https://www.assen.nl/coronavirus,https://www.assen.nl/nieuwsoverzicht-corona,https://www.assen.nl/actueel/nieuws,,
54,Gemeente,Capelle Aan Den Ijssel,Tom,06-05-2020,https://www.capelleaandenijssel.nl/over-capelle/coronavirus_43151/,,https://www.capelleaandenijssel.nl/over-capelle/nieuwsberichten_42341/,,
55,Gemeente,Bergen Op Zoom,Tom,06-05-2020,https://www.bergenopzoom.nl/coronavirus,https://www.bergenopzoom.nl/laatste-nieuws-coronavirus,https://www.bergenopzoom.nl/nieuws,,
56,Gemeente,Katwijk,Tom,06-05-2020,https://www.katwijk.nl/gemeente-en-burgerzaken/faq-coronavirus,,https://www.katwijk.nl/nieuws,,
57,Gemeente,Stichtse Vecht,Tom,06-05-2020,https://stichtsevecht.nl/coronavirus/,https://stichtsevecht.nl/onderwerp/4696/coronavirus/,https://stichtsevecht.nl/nieuws/,,
58,Gemeente,Veenendaal,Tom,06-05-2020,https://www.veenendaal.nl/info-over-de-gemeente/informatie-over-coronavirus,https://www.veenendaal.nl/info-over-de-gemeente/informatie-over-coronavirus/actuele-berichten-over-coronavirus,https://www.veenendaal.nl/info-over-de-gemeente/actueel,,
59,Gemeente,Zeist,Tom,06-05-2020,https://www.zeist.nl/inwoner/uitgelicht/coronavirus/,https://www.zeist.nl/inwoner/uitgelicht/coronavirus/nieuws-coronavirus/,https://www.zeist.nl/inwoner/uitgelicht/nieuws/,,
60,Gemeente,Nieuwegein,Tom,06-05-2020,https://www.nieuwegein.nl/coronavirus,,https://www.nieuwegein.nl/actueel/nieuws,,
61,Gemeente,Hardenberg,Tom,06-05-2020,https://www.hardenberg.nl/coronavirus.html,,https://www.hardenberg.nl/actueel/,,
62,Gemeente,Lansingerland,Tom,06-05-2020,https://www.lansingerland.nl/servicewijzer/alles-over-het-coronavirus/,,https://www.lansingerland.nl/actueel/,,
63,Gemeente,Roermond,Tom,06-05-2020,https://www.roermond.nl/corona,https://www.roermond.nl/nieuws/coronaupdates,https://www.roermond.nl/nieuws,,
64,Gemeente,Doetinchem,Tom,06-05-2020,https://www.doetinchem.nl/home/coronavirus_48312/,,https://www.doetinchem.nl/home/nieuws_46547/,,
65,Gemeente,Gooise Meren,Tom,06-05-2020,https://gooisemeren.nl/informatie-corona/,https://gooisemeren.nl/informatie-corona/nieuwsberichten-corona/,https://gooisemeren.nl/nieuws/,,
66,Gemeente,Barneveld,Tom,06-05-2020,https://www.barneveld.nl/over-barneveld/coronavirus,,https://www.barneveld.nl/nieuws,,
67,Gemeente,Den Helder,Tom,06-05-2020,https://www.denhelder.nl/actueel/nieuws/informatie-over-coronavirus,,https://www.denhelder.nl/actueel/publicatie/nieuws,,
68,Gemeente,Smallingerland,Tom,06-05-2020,https://www.smallingerland.nl/Nieuwsarchief/Coronavirus,,https://www.smallingerland.nl/Nieuwsarchief,,
69,Gemeente,Hoogeveen,Tom,06-05-2020,https://www.hoogeveen.nl/dossiers/informatie-coronavirus,https://www.hoogeveen.nl/dossiers/informatie-coronavirus/nieuwsoverzicht,https://www.hoogeveen.nl/nieuwsoverzicht,,
70,Gemeente,Krimpenerwaard,Tom,06-05-2020,https://www.krimpenerwaard.nl/coronavirus,https://www.krimpenerwaard.nl/coronavirus-gemeente-krimpenerwaard,https://www.krimpenerwaard.nl/nieuws,,
71,Gemeente,Heerhugowaard,Tom,06-05-2020,https://www.heerhugowaard.nl/coronaplein/,,https://www.heerhugowaard.nl/nieuws-en-actualiteiten/,,
72,Gemeente,Oosterhout,Tom,06-05-2020,https://oosterhout.nl/inwoners/coronavirus/,https://oosterhout.nl/inwoners/coronavirus/coronanieuws-inwoners/,https://oosterhout.nl/nieuws/nieuwsberichten/,https://oosterhout.nl/ondernemers/coronanieuws-ondernemers/ ,Ondernemersnieuws
73,Gemeente,Terneuzen,Tom,06-05-2020,https://www.terneuzen.nl/Onze_Organisatie/Informatie_Coronavirus_Covid_19,https://www.terneuzen.nl/Onze_Organisatie/Actueel/Nieuws/Nieuwsberichten_Coronavirus,https://www.terneuzen.nl/Inwoners_Terneuzen/Rij_1_inwoners/Nieuws,,
74,Gemeente,Kampen,Tom,06-05-2020,https://www.kampen.nl/nieuws/coronavirus,,https://www.kampen.nl/nieuws,,
75,Gemeente,De Fryske Marren,Tom,06-05-2020,https://www.defryskemarren.nl/publicaties/actuele-informatie-coronavirus_45695/,,https://www.defryskemarren.nl/publicaties/nieuwsberichten_42743/,,
76,Gemeente,Woerden,Tom,06-05-2020,https://www.woerden.nl/inwoners/coronavirus,https://www.woerden.nl/inwoners/liveblog-coronavirus-woerden,https://www.woerden.nl/nieuws,,
77,Gemeente,Rijswijk,Tom,06-05-2020,,,https://www.rijswijk.nl/actueel,,
78,Gemeente,Heerenveen,Tom,06-05-2020,https://www.heerenveen.nl/actueel/informatie-over-het-coronavirus/,,https://www.heerenveen.nl/nieuws/,,
79,Gemeente,Weert,Tom,06-05-2020,https://www.weert.nl/coronavirus,,https://www.weert.nl/nieuws,,
80,Gemeente,Houten,Tom,07-05-2020,https://www.houten.nl/bestuur-organisatie/beleid-en-regelgeving/informatie-voor-inwoners-bedrijven-en-organisaties/,,https://www.houten.nl/nieuws/,,
81,Gemeente,Utrechtse Heuvelrug,Tom,07-05-2020,https://www.heuvelrug.nl/coronavirus,,https://www.heuvelrug.nl/nieuwsoverzicht,,
82,Gemeente,Barendrecht,Tom,07-05-2020,https://www.barendrecht.nl/informatie-coronavirus,,https://www.barendrecht.nl/nieuws,,
83,Gemeente,Middelburg (Z.),Tom,07-05-2020,https://www.middelburg.nl/Inwoners/Veiligheid_en_rampenbestrijding/Informatie_over_het_coronavirus,,https://www.middelburg.nl/Inwoners/Nieuws,,
84,Gemeente,Hollands Kroon,Tom,07-05-2020,,https://www.hollandskroon.nl/inwoners/nieuws/hollands-kroon-neemt-maatregelen-tegen-verspreiding-coronavirus,https://www.hollandskroon.nl/inwoners/nieuws,,
85,Gemeente,Waalwijk,Tom,07-05-2020,,https://www.waalwijk.nl/inwoners/nieuws_3359/item/laatste-nieuws-coronavirus_11390.html,https://www.waalwijk.nl/inwoners/nieuws_3359/,,
86,Gemeente,Overbetuwe,Tom,07-05-2020,https://www.overbetuwe.nl/Inwoners/Informatie_over_het_coronavirus,,https://www.overbetuwe.nl/Inwoners/Inwoners/Nieuws,,
87,Gemeente,Zutphen,Tom,07-05-2020,https://www.zutphen.nl/Inwoners/Nieuws/Nieuwsberichten/Coronavirus_nieuws_en_updates,,https://www.zutphen.nl/Inwoners/Nieuws/Nieuwsberichten,,
88,Gemeente,Noordoostpolder,Tom,07-05-2020,https://www.noordoostpolder.nl/informatie-coronavirus-0,,https://www.noordoostpolder.nl/nieuws,,
89,Gemeente,Harderwijk,Tom,07-05-2020,https://www.harderwijk.nl/leven/coronavirus_43431/,,https://www.harderwijk.nl/organisatie/actueel_219/,,
90,Gemeente,Schagen,Tom,07-05-2020,https://www.schagen.nl/coronavirus,,https://www.schagen.nl/home/nieuws_43640/,,
91,Gemeente,Lingewaard,Tom,07-05-2020,https://www.lingewaard.nl/corona,https://www.lingewaard.nl/coronainwoners,https://www.lingewaard.nl/nieuws,https://www.lingewaard.nl/corona-informatie-voor-ondernemers,Aparte ondernemerspagian
92,Gemeente,Kerkrade,Tom,07-05-2020,,https://www.kerkrade.nl/wonen-en-leven/coronavirus-covid-19_41910/,https://www.kerkrade.nl/wonen-en-leven/nieuws_3169/,,
93,Gemeente,Soest,Tom,07-05-2020,https://www.soest.nl/in-de-gemeente-soest/coronavirus,,https://www.soest.nl/actueel,,
94,Gemeente,Ridderkerk,Tom,07-05-2020,https://www.ridderkerk.nl/coronavirus,,https://www.ridderkerk.nl/nieuws,https://www.ridderkerk.nl/informatie-coronavirus-voor-ondernemers,
95,Gemeente,Veldhoven,Tom,07-05-2020,https://www.veldhoven.nl/corona,https://www.veldhoven.nl/corona#nieuwsberichten,https://www.veldhoven.nl/inwoners-en-ondernemers/actueel,,
96,Gemeente,Zwijndrecht,Tom,07-05-2020,,https://www.zwijndrecht.nl/Bestuur/Nieuws_en_bekendmakingen/Nieuws/Update_Corona_virus_regio_Zuid_Holland_Zuid,https://www.zwijndrecht.nl/Inwoners/Nieuws_en_bekendmakingen,,
97,Gemeente,Aa en Hunze,Tom,07-05-2020,https://www.aaenhunze.nl/Inwoners_verenigingen/Corona,https://www.aaenhunze.nl/Inwoners_verenigingen/Corona/Nieuwsberichten,https://www.aaenhunze.nl/Bestuur/Nieuws/Nieuws,,
98,Gemeente,Aalsmeer,Tom,07-05-2020,https://www.aalsmeer.nl/home/nieuws/informatie-coronavirus,https://www.aalsmeer.nl/home/nieuws/informatie-coronavirus,https://www.aalsmeer.nl/home/publicatie/nieuws,,
99,Gemeente,Aalten,Tom,07-05-2020,https://www.aalten.nl/inwoners/coronavirus_44676,,https://www.aalten.nl/in-de-gemeente/nieuwsberichten_42611/,,
100,Gemeente,Achtkarspelen,Tom,07-05-2020,https://www.achtkarspelen.nl/inwoners-achtkarspelen/corona_48044/,,https://www.achtkarspelen.nl/inwoners-achtkarspelen/nieuws_43791/,,
,Gemeente,Alblasserdam,Max,06-05-2020,,https://www.alblasserdam.nl/Inwoners/Alle_onderwerpen/Informatie_over_coronavirus,https://www.alblasserdam.nl/Inwoners/Configuratie_inwoners/Uitgelicht/Nieuws,,
,Gemeente,Albrandswaard,Max,06-05-2020,,https://www.albrandswaard.nl/actuele-informatie-coronavirus,https://www.albrandswaard.nl/nieuws,Corona ondernemers: https://www.albrandswaard.nl/informatie-coronavirus-voor-ondernemers,
,Gemeente,Alphen-Chaam,Max,06-05-2020,https://www.alphen-chaam.nl/coronavirus.html,,https://www.alphen-chaam.nl/nieuws/nieuws.html,,
,Gemeente,Altena,Max,06-05-2020,https://www.gemeentealtena.nl/index.php?id=860,,https://www.gemeentealtena.nl/nieuws,,
,Gemeente,Ameland,Max,06-05-2020,https://www.ameland.nl/ameland-actueel/coronavirus_46095/,,https://www.ameland.nl/ameland-actueel/nieuws_42176/,,
,Gemeente,Appingedam,Max,06-05-2020,https://www.appingedam.nl/home/coronavirus-informatie_44142/,,https://www.appingedam.nl/home/nieuws_43484/,Corona ondernemers: https://www.appingedam.nl/home/coronavirus-informatie_44142/rubriek/ondernemers_2531.html,
,Gemeente,Asten,Max,06-05-2020,https://www.asten.nl/wonen/coronavirus-covid-19.html,,https://www.asten.nl/nieuws.html,,
,Gemeente,Baarle-Nassau,Max,06-05-2020,https://www.baarle-nassau.nl/coronavirus.html,,https://www.baarle-nassau.nl/nieuws/nieuws.html,,
,Gemeente,Baarn,Max,06-05-2020,https://www.baarn.nl/home/nieuws_42897/item/informatie-over-het-coronavirus_57379.html,,https://www.baarn.nl/home/nieuws_42897/,4 meest recente nieuwsberichten staan op de hoofdpagina: https://www.baarn.nl/home,
,Gemeente,Beek,Max,06-05-2020,,https://www.gemeentebeek.nl/#home/slide2,https://www.gemeentebeek.nl/home/landelijke-maatregelen_43778/,Informatie ondernemers: https://www.gemeentebeek.nl/home/coronavirus-informatie-voor-ondernemers_43790/,
,Gemeente,Beekdaelen,Max,06-05-2020,https://www.beekdaelen.nl/home#,,https://www.beekdaelen.nl/contact-en-nieuws/nieuws_3247/,,
,Gemeente,Beemster,Max,06-05-2020,https://www.purmerend.nl/actuele-informatie-over-het-coronavirus-purmerend,,https://www.beemster.net/nieuwsoverzicht,,
,Gemeente,Beesel,Max,06-05-2020,https://www.beesel.nl/inwoners/coronavirus/landelijk/landelijk,https://www.beesel.nl/inwoners/coronavirus/lokaal/lokaal,https://www.beesel.nl/nieuws/,,
,Gemeente,Berg en Dal,Max,06-05-2020,https://www.bergendal.nl/inwoners/coronavirus-covid-19_48540/,https://www.bergendal.nl/inwoners/nieuws-corona-algemeen_48561/,https://www.bergendal.nl/inwoners/nieuws_45119/,,
,Gemeente,Bergeijk,Max,06-05-2020,https://www.bergeijk.nl/home/coronavirus-covid-19_48885/,,https://www.bergeijk.nl/home/nieuwsberichten_47681/,,
,Gemeente,Bergen (L.),Max,06-05-2020,https://www.bergen.nl/home/informatie-over-het-coronavirus_46238/,,https://www.bergen.nl/home/nieuws_44193/,,
,Gemeente,Bergen (NH.),Max,06-05-2020,https://www.bergen-nh.nl/index.php?id=4496&MP=4496-4497,,https://www.bergen-nh.nl/nieuwsoverzicht,,
,Gemeente,Berkelland,Max,06-05-2020,https://www.gemeenteberkelland.nl/Inwoners/Coronavirus/,,https://www.gemeenteberkelland.nl/Inwoners/Nieuwsberichten/Nieuws,,
,Gemeente,Bernheze,Max,06-05-2020,https://www.bernheze.org/inwoners-en-ondernemers/coronavirus/,https://www.bernheze.org/inwoners-en-ondernemers/coronavirus/maatregelen/,https://www.bernheze.org/nieuws/,,
,Gemeente,Best,Max,06-05-2020,,https://www.gemeentebest.nl/coronavirus,https://www.gemeentebest.nl/nieuws/,,
,Gemeente,Beuningen,Max,06-05-2020,https://www.beuningen.nl/Home/Coronavirus:NhDAQB7NQ-WEKPcoZBg58A,https://www.beuningen.nl/Home/Coronanieuws,https://www.beuningen.nl/Nieuwsarchief/Nieuwsberichten_2020/Nieuwsberichten_mei,Specifiek voor maatregelen: https://www.beuningen.nl/Home/Coronavirus:NhDAQB7NQ-WEKPcoZBg58A/Maatregelen,
,Gemeente,Beverwijk,Max,06-05-2020,https://corona.beverwijk.nl/,https://corona.beverwijk.nl/laatste-nieuws,https://www.beverwijk.nl/inwoners-ondernemers/nieuwsarchief_41523/,,
,Gemeente,De Bilt,Max,06-05-2020,https://www.debilt.nl/coronavirus-1,https://www.debilt.nl/nieuwsoverzicht/actuele-informatie-coronavirus-in-gemeente-de-bilt,https://www.debilt.nl/nieuwsoverzicht,,
,Gemeente,Bladel,Max,06-05-2020,https://www.bladel.nl/inwoner/corona_44100/,,https://www.bladel.nl/contact-informatie/nieuws_42695/,,
,Gemeente,Blaricum,Max,06-05-2020,https://www.blaricum.nl/Corona,https://www.blaricum.nl/Corona/Informatie_coronavirus/Nieuws,https://www.blaricum.nl/Bestuur/Nieuws_en_bekendmakingen/Nieuwsberichten,,
,Gemeente,Bloemendaal,Max,06-05-2020,https://www.bloemendaal.nl/coronavirus,https://www.bloemendaal.nl/coronavirus/actuele-informatie-over-coronavirus-in-gemeente-bloemendaal,https://www.bloemendaal.nl/actueel,,
,Gemeente,Bodegraven-Reeuwijk,Max,06-05-2020,,https://gemeente.bodegraven-reeuwijk.nl/corona,https://gemeente.bodegraven-reeuwijk.nl/nieuwsoverzicht,,
,Gemeente,Boekel,Max,06-05-2020,https://www.boekel.nl/inwoners-en-ondernemers/coronavirus/Index,,https://www.boekel.nl/in-de-gemeente/nieuws/,,
,Gemeente,Borger-Odoorn,Max,06-05-2020,https://www.borger-odoorn.nl/actueel/nieuws/archive/2020.html,,https://www.borger-odoorn.nl/actueel/actuele-themas/coronavirus.html,,
,Gemeente,Borne,Max,06-05-2020,https://www.borne.nl/nieuws/coronavirus,,https://www.borne.nl/nieuws,,
,Gemeente,Borsele,Max,06-05-2020,,https://www.borsele.nl/home/corona_46008/,https://www.borsele.nl/home/nieuws_45002/,,
,Gemeente,Boxmeer,Max,06-05-2020,https://www.boxmeer.nl/inwoners/coronavirus_42608/,,https://www.boxmeer.nl/inwoners/nieuwsberichten_41418/,,
,Gemeente,Boxtel,Max,06-05-2020,https://www.boxtel.nl/nieuws/informatie-over-het-coronavirus,https://www.boxtel.nl/corona,https://www.boxtel.nl/nieuws,,
,Gemeente,Brielle,Max,06-05-2020,https://www.brielle.nl/actueel/coronavirus_45306/,https://www.brielle.nl/actueel/nieuwsberichten_45327/?,https://www.brielle.nl/actueel/nieuwsberichten_42833/,,
,Gemeente,Bronckhorst,Max,06-05-2020,https://www.bronckhorst.nl/home/informatie-over-het-coronavirus_46863/,,https://www.bronckhorst.nl/home/nieuws_45258/,,
,Gemeente,Brummen,Max,06-05-2020,https://www.brummen.nl/actueel/algemene-informatie-over-corona.html,,https://www.brummen.nl/actueel/nieuws.html,Voor ondernemers: https://www.brummen.nl/actueel/ondernemers-en-het-coronavirus.html,
,Gemeente,Brunssum,Max,06-05-2020,https://www.brunssum.nl/bestuur_en_organisatie/nieuws_en_actualiteit/nieuwsberichten/Informatie_over_het_Coronavirus,,https://www.brunssum.nl/bestuur_en_organisatie/nieuws_en_actualiteit/nieuwsberichten,,
,Gemeente,Bunnik,Max,06-05-2020,,https://www.bunnik.nl/nieuws/liveblog-corona/,https://www.bunnik.nl/nieuws/,,
,Gemeente,Bunschoten,Max,06-05-2020,https://www.bunschoten.nl/coronavirus,,https://www.bunschoten.nl/nieuws,,
,Gemeente,Buren,Max,06-05-2020,https://www.buren.nl/coronavirus,https://www.buren.nl/onderwerp/maatregelen-coronavirus/,https://www.buren.nl/nieuws/,,
,Gemeente,Castricum,Max,07-05-2020,https://www.castricum.nl/index.php?id=4496&MP=4496-4499,,https://www.castricum.nl/nieuwsoverzicht,,
,Gemeente,Coevorden,Max,07-05-2020,https://www.coevorden.nl/informatie-coronavirus,,https://www.coevorden.nl/nieuws,,
,Gemeente,Cranendonck,Max,07-05-2020,,https://www.cranendonck.nl/inwoners/nieuws-en-actualiteiten_43826/item/updates-coronavirus_50776.html,https://www.cranendonck.nl/inwoners/nieuws-en-actualiteiten_43826/,Ondernemers: https://www.cranendonck.nl/ondernemers/coronavirus-en-ondernemen_44756,Sportverenigingen: https://www.cranendonck.nl/inwoners/sport-recreatie-en-toerisme_43623/item/coronavirus-en-sportverenigingen_50950.html
,Gemeente,Cuijk,Max,07-05-2020,,https://www.cuijk.nl/corona,https://www.cuijk.nl/nieuws,,
,Gemeente,Culemborg,Max,07-05-2020,https://www.culemborg.nl/coronavirus-informatie,,https://www.culemborg.nl/nieuwsoverzicht,,
,Gemeente,Dalfsen,Max,07-05-2020,https://www.dalfsen.nl/home/coronavirus-informatie-inwoners_42797/,,https://www.dalfsen.nl/home/nieuws_3169/,Ondernemers: https://www.dalfsen.nl/home/coronavirus-informatie-ondernemers_42599/,
,Gemeente,Dantumadiel,Max,07-05-2020,,https://www.dantumadiel.frl/coronavirus-covid-19-0,https://www.dantumadiel.frl/nieuwsoverzicht-0,,
,Gemeente,Delfzijl,Max,07-05-2020,,https://www.delfzijl.nl/home/coronavirus-informatie_44562/,https://www.delfzijl.nl/home/nieuws_43898/,Ondernemers: https://www.delfzijl.nl/home/coronavirus-informatie_44562/rubriek/ondernemers_3992.html,
,Gemeente,Deurne,Max,07-05-2020,https://www.deurne.nl/home/coronavirus_43743/,,https://www.deurne.nl/home/nieuws_43091/,,
,Gemeente,Diemen,Max,07-05-2020,https://www.diemen.nl/Onderwerpen/Diemen_Helpt_tijdens_de_coronacrisis,https://www.diemen.nl/Onderwerpen/Laatste_nieuws_Coronacrisis/Nieuws_over_de_coronacrisis,https://www.diemen.nl/Onderwerpen/Nieuwspagina_s/NIEUWS,,
,Gemeente,Dinkelland,Max,07-05-2020,https://www.dinkelland.nl/informatie-coronavirus,https://www.dinkelland.nl/overzicht-nieuwsberichten-coronavirus,https://www.dinkelland.nl/nieuwsoverzicht,,
,Gemeente,Doesburg,Max,07-05-2020,https://www.doesburg.nl/coronavirus,,https://www.doesburg.nl/nieuws,,
,Gemeente,Dongen,Max,07-05-2020,https://www.dongen.nl/actueel/coronavirus.html,,https://www.dongen.nl/actueel/nieuws/page/2.html,Ondernemers: https://www.dongen.nl/ondernemer/coronavirus.html,
,Gemeente,Drechterland,Max,07-05-2020,https://www.drechterland.nl/coronavirus,,https://www.drechterland.nl/nieuwsoverzicht,Ondernemers: https://www.drechterland.nl/ondernemers-en-het-coronavirus,Zorg en Opvang: https://www.drechterland.nl/zorg-en-opvang-tijdens-het-coronavirus
,Gemeente,Drimmelen,Max,07-05-2020,https://drimmelen.nl/informatie-over-het-coronavirus,https://drimmelen.nl/updates-coronavirus-en-de-gemeente-drimmelen,https://drimmelen.nl/nieuwsoverzicht,Ondernemers: https://drimmelen.nl/ondernemen-coronatijd-nieuws,
,Gemeente,Dronten,Max,07-05-2020,https://www.dronten.nl/mozard/!suite86.scherm0325?mVrg=4752,https://www.dronten.nl/mozard/!suite86.scherm0325?mVrg=4952,https://www.dronten.nl/mozard/!suite05.scherm1069?mNwc=21,,
,Gemeente,Druten,Max,07-05-2020,https://www.druten.nl/corona ,https://www.druten.nl/nieuws-corona,https://www.druten.nl/nieuws,,
,Gemeente,Duiven,Max,07-05-2020,https://www.duiven.nl/coronavirus-0,https://www.duiven.nl/informatie-rondom-activiteiten,https://www.duiven.nl/nieuwsoverzicht,,
,Gemeente,Echt-Susteren,Max,07-05-2020,https://www.echt-susteren.nl/coronavirus-covid-19,https://www.echt-susteren.nl/maatregelen-tegen-het-coronavirus,https://www.echt-susteren.nl/nieuwsoverzicht,,
,Gemeente,Edam-Volendam,Max,07-05-2020,,https://www.edam-volendam.nl/portal-home/corona_44699/,https://www.edam-volendam.nl/portal-home/het-laatste-nieuws_43559/,,
,Gemeente,Eemnes,Max,07-05-2020,https://www.eemnes.nl/Corona,https://www.eemnes.nl/Corona/Informatie_coronavirus/Nieuws,https://www.eemnes.nl/Bestuur/Nieuws_en_bekendmakingen/Nieuws,,
,Gemeente,Eersel,Max,07-05-2020,https://www.eersel.nl/corona,,https://www.eersel.nl/nieuws,,
,Gemeente,Eijsden-Margraten,Max,07-05-2020,https://www.eijsden-margraten.nl/coronavirus/,,https://www.eijsden-margraten.nl/nieuws/,,
,Gemeente,Elburg,Max,07-05-2020,https://www.elburg.nl/Inwoners/Nieuws/Meer_nieuws/Informatie_Coronavirus,https://www.elburg.nl/Inwoners/Nieuws/Meer_nieuws/Informatie_Coronavirus/Liveblog_Coronavirus,https://www.elburg.nl/Inwoners/Nieuws,,
,Gemeente,Enkhuizen,Max,07-05-2020,,https://www.enkhuizen.nl/coronavirus,https://www.enkhuizen.nl/nieuwsoverzicht,Ondernemers: https://www.enkhuizen.nl/ondernemers-en-het-coronavirus,
,Gemeente,Epe,Max,07-05-2020,https://www.epe.nl/in-epe/coronavirus_42696/,https://www.epe.nl/in-epe/coronavirus-laatste-nieuws_42720/item/coronavirus-laatste-nieuws_41663.html,https://www.epe.nl/in-epe/nieuws_41625/,,
,Gemeente,Ermelo,Max,07-05-2020,,https://www.ermelo.nl/portal-ermelo/nieuws-over-het-coronavirus_43181/,,,
,Gemeente,Etten-Leur,Max,07-05-2020,,https://www.etten-leur.nl/Inwoner/Nieuws/Nieuwsberichten/Coronavirus_COVID_19,https://www.etten-leur.nl/Inwoner/Nieuws/Nieuwsberichten,,
,Gemeente,Geertruidenberg,Max,07-05-2020,,https://www.geertruidenberg.nl/het-coronavirus,https://www.geertruidenberg.nl/nieuws,,
,Gemeente,Geldrop-Mierlo,Max,07-05-2020,,https://www.geldrop-mierlo.nl/corona,https://www.geldrop-mierlo.nl/nieuws,,
,Gemeente,Gemert-Bakel,Max,07-05-2020,,https://www.gemert-bakel.nl/meest-gevraagd/coronavirus,https://www.gemert-bakel.nl/actueel/nieuws,Ondernemers: https://www.gemert-bakel.nl/actuele-informatie-voor-ondernemers-zzp-ers,
,Gemeente,Gennep,Max,07-05-2020,https://www.gennep.nl/bestuur-organisatie/coronavirus_43691/,,https://www.gennep.nl/bestuur-organisatie/nieuwsoverzicht_42648/,,
,Gemeente,Gilze en Rijen,Max,07-05-2020,,https://www.gilzerijen.nl/coronavirus.html,https://www.gilzerijen.nl/nieuws.html,,
,Gemeente,Goeree-Overflakkee,Max,07-05-2020,,https://www.goeree-overflakkee.nl/portal/informatie-coronacrisis_47567/,,,
,Gemeente,Goes,Max,07-05-2020,https://www.goes.nl/in-de-gemeente/informatie-over-het-coronavirus_45969,,https://www.goes.nl/in-de-gemeente/nieuws_43683/,,
,Gemeente,Goirle,Max,07-05-2020,https://www.goirle.nl/in-de-gemeente-goirle/coronavirus.html,,https://www.goirle.nl/actueel/nieuws-van-de-gemeente.html,,
,Gemeente,Gorinchem,Max,07-05-2020,,https://www.gorinchem.nl/coronavirus,https://www.gorinchem.nl/nieuws,,
,Gemeente,Grave,Max,07-05-2020,,https://www.grave.nl/corona,https://www.grave.nl/inwoners/overzicht-inwoners/nieuws-en-actualiteiten/nieuws,,
,Gemeente,Gulpen-Wittem,Max,07-05-2020,https://www.gulpen-wittem.nl/onderwerpen/corona/,https://www.gulpen-wittem.nl/onderwerpen/corona/maatregelen-voor-gulpen-wittem,https://www.gulpen-wittem.nl/nieuws/,,
,Gemeente,Haaksbergen,Max,07-05-2020,,https://www.haaksbergen.nl/coronavirus,https://www.haaksbergen.nl/Actueel,,
,Gemeente,Haaren,Max,07-05-2020,,https://www.haaren.nl/home/coronavirus_42239,https://www.haaren.nl/home/nieuws_41588/,,
,Gemeente,Halderberge,Max,07-05-2020,,https://www.halderberge.nl/coronavirus,https://www.halderberge.nl/nieuwsoverzicht,,
,Gemeente,Hardinxveld-Giessendam,Max,07-05-2020,,https://www.hardinxveld-giessendam.nl/Zorg_en_onderwijs/Zorg/Updates_Coronavirus,https://www.hardinxveld-giessendam.nl/Nieuws,,
,Gemeente,Harlingen,Max,07-05-2020,,https://www.harlingen.nl/corona,https://www.harlingen.nl/nieuws,,
,Gemeente,Hattem,Max,07-05-2020,,https://www.hattem.nl/Inwoners/Actueel/coronavirus,https://www.hattem.nl/Inwoners/Actueel/Nieuwsberichten,,
,Gemeente,Heemskerk,Max,07-05-2020,https://www.heemskerk.nl/laatste-nieuws/informatie-coronavirus-heemskerk,,https://www.heemskerk.nl/laatste-nieuws,,
,Gemeente,Heemstede,Max,07-05-2020,https://www.heemstede.nl/coronavirus,https://www.heemstede.nl/coronavirus/actuele-informatie-over-coronavirus-in-gemeente-heemstede,https://www.heemstede.nl/actueel,,
,Gemeente,Heerde,Max,07-05-2020,https://www.heerde.nl/Bestuur_en_organisatie/Actueel/Coronavirus,,https://www.heerde.nl/Inwoners/Configuratie_homepage/Nieuws,,
,Gemeente,Heeze-Leende,Max,07-05-2020,,https://www.heeze-leende.nl/in-en-over-heeze-leende/nieuws_42167/item/het-coronavirus-alle-updates_78122.html,https://www.heeze-leende.nl/in-en-over-heeze-leende/nieuws_42167,,
,Gemeente,Heiloo,Max,07-05-2020,https://www.heiloo.nl/index.php?id=4496&MP=4496-4500,,https://www.heiloo.nl/nieuwsberichten,,
,Gemeente,Hellendoorn,Max,07-05-2020,https://www.hellendoorn.nl/wonen-leven/nieuws/informatie-over-coronavirus-covid-19-2,,https://www.hellendoorn.nl/home,,
,Gemeente,Hellevoetsluis,Max,07-05-2020,,https://www.hellevoetsluis.nl/Inwoners/Zorg_en_hulp/Coronavirus,https://www.hellevoetsluis.nl/Inwoners/Actueel,,
,Gemeente,Hendrik-Ido-Ambacht,Max,07-05-2020,,https://www.h-i-ambacht.nl/Gewoon_Ambacht/Overzicht/actueel/Actueel_2020/Coronavirus_update_woensdagavond,https://www.h-i-ambacht.nl/Gewoon_Ambacht/Overzicht/actueel/Actueel_2020/Coronavirus_update_woensdagavond,,
,Gemeente,Heumen,Max,11-05-2020,https://www.heumen.nl/inwoners/coronavirus_45867,,https://www.heumen.nl/inwoners/nieuwsberichten_42557/,,
,Gemeente,Heusden,Max,11-05-2020,https://www.heusden.nl/coronavirus,,https://www.heusden.nl/,,
,Gemeente,Hillegom,Max,11-05-2020,https://www.hillegom.nl/nieuws/nieuwsbericht/artikel/detail/News/actuele-informatie-over-het-coronavirus-827.html,,https://www.hillegom.nl/nieuws.html,,
,Gemeente,Hilvarenbeek,Max,11-05-2020,https://www.hilvarenbeek.nl/voor-bewoners/informatie-over-het-coronavirus_41277/,,https://www.hilvarenbeek.nl/over-bestuur/nieuwsberichten_3393/,,
,Gemeente,Hoeksche Waard,Max,19-05-2020,https://www.gemeentehw.nl/informatie-coronavirus/,https://www.gemeentehw.nl/informatie-coronavirus/#recent,https://www.gemeentehw.nl/actueel/,Ondernemers: https://www.gemeentehw.nl/direct-regelen/ondernemen,
,Gemeente,Hof van Twente,Max,19-05-2020,https://www.hofvantwente.nl/actueel/informatie-over-het-coronavirus.html,,https://www.hofvantwente.nl/actueel/nieuws-en-persberichten.html,Ondernemers: https://www.hofvantwente.nl/ondernemers/nieuws/informatie-over-corona-voor-werkgevers-en-ondernemers.html,
,Gemeente,Het Hogeland,Max,19-05-2020,https://hethogeland.nl/coronavirus,https://hethogeland.nl/coronavirus/laatste-nieuws,https://hethogeland.nl/nieuws,,
,Gemeente,Horst aan de Maas,Max,19-05-2020,https://www.horstaandemaas.nl/informatie-coronavirus,,https://www.horstaandemaas.nl/nieuwsoverzicht,,
,Gemeente,Huizen,Max,19-05-2020,https://www.huizen.nl/inwoner/coronavirus_43566/,https://www.huizen.nl/inwoner/coronanieuws_43578/,https://www.huizen.nl/inwoner/nieuws_3409/,,
,Gemeente,Hulst,Max,19-05-2020,https://www.gemeentehulst.nl/Inwoners/Homepage_elementen/Top_6/Informatie_Coronavirus/Coronavirus,,https://www.gemeentehulst.nl/de_Gemeente/Nieuws,,
,Gemeente,IJsselstein,Max,19-05-2020,https://www.ijsselstein.nl/mozard/!suite86.scherm0325?mPag=6840,https://www.ijsselstein.nl/mozard/!suite86.scherm0325?mPag=6843,https://www.ijsselstein.nl/mozard/!suite05.scherm1069?mNwc=41&mArc=0,,
,Gemeente,Kaag en Braassem,Max,19-05-2020,https://www.kaagenbraassem.nl/Inwoners_en_ondernemers/Actueel/Nieuws/Gevolgen_Coronavirus,,https://www.kaagenbraassem.nl/Inwoners_en_ondernemers/Actueel/Nieuws,,
,Gemeente,Kapelle,Max,19-05-2020,https://www.kapelle.nl/home/coronavirus_45198/,https://www.kapelle.nl/home/coronavirus_45198/,https://www.kapelle.nl/home/nieuws_44024,,
,Gemeente,Koggenland,Max,19-05-2020,https://www.koggenland.nl/inwoners-en-ondernemers/informatie-over-het-coronavirus_44394/,https://www.koggenland.nl/inwoners-en-ondernemers/nieuwsberichten-over-het-coronavirus_44435,https://www.koggenland.nl/in-en-over-koggenland/nieuws_43280/,,
,Gemeente,Krimpen aan den IJssel,Max,19-05-2020,https://www.krimpenaandenijssel.nl/corona,https://www.krimpenaandenijssel.nl/coronanieuws,https://www.krimpenaandenijssel.nl/Nieuws.html,,
,Gemeente,Laarbeek,Max,19-05-2020,,https://www.laarbeek.nl/coronavirus,https://www.laarbeek.nl/nieuws-overzicht,,
,Gemeente,Landerd,Max,19-05-2020,https://www.landerd.nl/inwoners-en-ondernemers/coronavirus/,,https://www.landerd.nl/actueel/,,
,Gemeente,Landgraaf,Max,19-05-2020,,https://www.landgraaf.nl/dienstverlening/coronavirus_42732/,https://www.landgraaf.nl/over-landgraaf/nieuws_41928/,Ondernemers en verenigingen: https://www.landgraaf.nl/dienstverlening/websites-met-informatie-voor-ondernemers-en-verenigingen_42737/,
,Gemeente,Landsmeer,Max,19-05-2020,,https://www.landsmeer.nl/informatie_over_het_coronavirus/,https://www.landsmeer.nl/rss/nieuws_en_bekendmakingen/nieuws/ / https://www.landsmeer.nl/nieuws_en_bekendmakingen/nieuws/,,
,Gemeente,Langedijk,Max,19-05-2020,https://www.gemeentelangedijk.nl/coronawijzer/lokale_maatregelen,,https://www.gemeentelangedijk.nl/Inwoners/Homecontent/Nieuws,,
,Gemeente,Laren,Max,19-05-2020,https://www.laren.nl/Corona,https://www.laren.nl/Corona/Informatie_coronavirus/Nieuws,https://www.laren.nl/Bestuur/Nieuws_en_bekendmakingen/Nieuwsberichten,,
,Gemeente,Leiderdorp,Max,19-05-2020,https://www.leiderdorp.nl/inwoner/veiligheid/coronavirus/,,https://www.leiderdorp.nl/inwoner/nieuws/,Ondernemers: https://www.leiderdorp.nl/ondernemer/coronavirus/,
,Gemeente,Leudal,Max,19-05-2020,https://www.leudal.nl/coronavirus,https://www.leudal.nl/nieuws-over-het-coronavirus,https://www.leudal.nl/nieuws,,
,Gemeente,Leusden,Max,19-05-2020,https://www.leusden.nl/coronavirus.html,https://www.leusden.nl/publicaties/coronavirus-berichtgevingen.html,https://www.leusden.nl/publicaties/nieuws.html,,
,Gemeente,Lisse,Max,19-05-2020,https://www.lisse.nl/nieuws/nieuwsbericht/artikel/detail/News/actuele-informatie-over-het-coronavirus-828.html,https://www.lisse.nl/nieuws/nieuwsbericht/artikel/detail/News/actuele-informatie-over-het-coronavirus-828.html,https://www.lisse.nl/nieuws.html,,
,Gemeente,Lochem,Max,19-05-2020,,https://www.lochem.nl/zorg-welzijn-en-werk/laatste-nieuws-coronavirus.html,https://www.lochem.nl/laatste-nieuws.html,Ondernemers: https://www.lochem.nl/ondernemen/ondernemen-en-corona.html,
,Gemeente,Loon op Zand,Max,19-05-2020,https://www.loonopzand.nl/coronavirus/,,https://www.loonopzand.nl/nieuws/,,
,Gemeente,Lopik,Max,19-05-2020,,https://www.lopik.nl/inwoners/coronavirus-covid-19_42246/,https://www.lopik.nl/inwoners/nieuws_41226/,,
,Gemeente,Loppersum,Max,19-05-2020,https://www.loppersum.nl/bestuur-organisatie/coronavirus-informatie_43476/,https://www.loppersum.nl/bestuur-organisatie/coronavirus-informatie_43476/item/laatste-nieuws-en-maatregelen-coronavirus_49508.html,https://www.loppersum.nl/portal/laatste-nieuws_41255/,,
,Gemeente,Losser,Max,20-05-2020,https://www.losser.nl/Inwoners/Informatie_over_het_coronavirus,,https://www.losser.nl/Actueel/Nieuwsberichten,,
,Gemeente,Maasdriel,Max,20-05-2020,https://www.maasdriel.nl/inwoner-en-ondernemer/het-coronavirus-/,https://www.maasdriel.nl/inwoner-en-ondernemer/het-coronavirus-/Eerdere-nieuwsberichten,https://www.maasdriel.nl/inwoner-en-ondernemer/nieuws/,,
,Gemeente,Maasgouw,Max,20-05-2020,https://www.gemeentemaasgouw.nl/wonen-leven/coronavirus_44379/,,https://www.gemeentemaasgouw.nl/wonen-leven/nieuws_42315/,,
,Gemeente,Maassluis,Max,20-05-2020,https://www.maassluis.nl/over-maassluis/maatregelen-coronavirus_46803?pk_campaign=Redirects&pk_kwd=coronavirus,,https://www.maassluis.nl/over-maassluis/nieuwsberichten_42951/,,
,Gemeente,Medemblik,Max,20-05-2020,https://www.medemblik.nl/over-medemblik/coronavirus,https://www.medemblik.nl/over-medemblik/coronavirus/nieuws-over-corona,https://www.medemblik.nl/nieuws,,
,Gemeente,Meerssen,Max,20-05-2020,https://www.meerssen.nl/coronavirus/,https://www.meerssen.nl/coronavirus/nieuwsberichten_coronavirus_/,https://www.meerssen.nl/nieuws_en_bekendmakingen/actueel/,,
,Gemeente,Meppel,Max,20-05-2020,,https://www.meppel.nl/Bestuurenorganisatie/Actueel/Corona_nieuws,https://www.meppel.nl/Configuratie/Nieuws_inwoner,,
,Gemeente,Midden-Delfland,Max,20-05-2020,https://www.middendelfland.nl/voor-inwoners/coronavirus_44001/,https://www.middendelfland.nl/voor-inwoners/coronavirus_44001/item/nieuwsberichten_41735.html,https://www.middendelfland.nl/over-bestuur/nieuwsberichten_42612/,Ondernemers: https://www.middendelfland.nl/voor-ondernemers/informatie-rondom-het-coronavirus-voor-ondernemers_43994/,
,Gemeente,Midden-Drenthe,Max,20-05-2020,https://www.middendrenthe.nl/website/!suite86.scherm0325?mPag=8527&mNch=m89555fuvz,,https://www.middendrenthe.nl/website/!suite05.scherm1069?mNwc=204,Ondernemers: https://www.middendrenthe.nl/website/!suite86.scherm0325?mPag=8547,
,Gemeente,Midden-Groningen,Max,20-05-2020,https://www.midden-groningen.nl/inwoner/publicatie/coronavirus,https://www.midden-groningen.nl/inwoner/publicatie/laatste-coronanieuws,https://www.midden-groningen.nl/actueel/publicatie/nieuws,,
,Gemeente,Mill en Sint Hubert,Max,20-05-2020,https://www.gemeente-mill.nl/corona,https://www.gemeente-mill.nl/corona,https://www.gemeente-mill.nl/inwoners-en-ondernemers/overzicht-inwoners-en-ondernemers/nieuws-en-actualiteiten/nieuws,,
,Gemeente,Moerdijk,Max,20-05-2020,https://www.moerdijk.nl/coronavirus,https://www.moerdijk.nl/Nieuws-coronavirus,https://www.moerdijk.nl/Actueel,,
,Gemeente,Molenlanden,Max,20-05-2020,,https://www.molenlanden.nl/coronavirus,https://www.hetkontakt.nl/regio/molenlanden,,
,Gemeente,Montferland,Max,20-05-2020,https://www.montferland.info/alles-over-het-coronavirus-covid-19,https://www.montferland.info/alles-over-het-coronavirus-covid-19#nieuwsberichten-coronavirus-2044,https://www.montferland.info/nieuwsoverzicht,Ondernemers: https://www.montferland.info/alles-over-het-coronavirus-covid-19#informatie-voor-ondernemers-2036,
,Gemeente,Montfoort,Max,20-05-2020,https://www.montfoort.nl/mozard/!suite05.scherm1070?mNwb=18948&mNwc=82,,https://www.montfoort.nl/mozard/!suite05.scherm1069?mNwc=82&mArc=0,,
,Gemeente,Mook en Middelaar,Max,20-05-2020,https://www.mookenmiddelaar.nl/actueel/coronavirus_42920/,,https://www.mookenmiddelaar.nl/actueel/nieuws_42113/,,
,Gemeente,Neder-Betuwe,Max,20-05-2020,https://www.nederbetuwe.nl/Inwoners/corona_nb,,https://www.nederbetuwe.nl/toptaken_nb/config_inw/recente_nieuwsberichten_inw,,
,Gemeente,Nederweert,Max,20-05-2020,https://www.nederweert.nl/inwoners/actueel-in-nederweert_42953/item/informatie-over-het-corona-virus_128857.html,,https://www.nederweert.nl/inwoners/actueel-in-nederweert_42953/,,
,Gemeente,Nieuwkoop,Max,20-05-2020,,https://www.nieuwkoop.nl/home/nieuws_44105/item/algemene-pagina-coronavirus_322166.html,https://www.nieuwkoop.nl/home/nieuws_44105/,Ondernemers: https://www.nieuwkoop.nl/home/maatregelen-coronavirus_45750/,
,Gemeente,Nijkerk,Max,20-05-2020,https://www.nijkerk.eu/inwoners/coronavirus-covid-19_43787/,,https://www.nijkerk.eu/inwoners/nieuws_42047/,,
,Gemeente,Noardeast-Fryslân,Max,20-05-2020,,https://www.noardeast-fryslan.nl/coronavirus-covid-19,https://www.noardeast-fryslan.nl/nieuwsoverzicht,,
,Gemeente,Noord-Beveland,Max,20-05-2020,https://www.noord-beveland.nl/home/corona_43535/,,https://www.noord-beveland.nl/home/nieuws_42857/,,
,Gemeente,Noordenveld,Max,20-05-2020,https://noordenveld.nl/corona,https://noordenveld.nl/nieuwsoverzicht-over-het-coronavirus,https://noordenveld.nl/nieuwsoverzicht,,
,Gemeente,Noordwijk,Max,20-05-2020,https://www.noordwijk.nl/Inwoners_ondernemers/Coronavirus_informatie,https://www.noordwijk.nl/Inwoners_ondernemers/Coronavirus_informatie/Laatste_nieuws_coronavirus,https://www.noordwijk.nl/Inwoners_ondernemers/Over_ons/Nieuws,,
,Gemeente,"Nuenen, Gerwen en Nederwetten",Max,20-05-2020,,https://www.nuenen.nl/coronavirus-nieuws-en-maatregelen,https://www.nuenen.nl/nieuwsoverzicht,Ondernemers: https://www.nuenen.nl/coronamaatregelen-voor-ondernemers,
,Gemeente,Nunspeet,Max,22-05-2020,https://www.nunspeet.nl/informatie-over-het-coronavirus,https://www.nunspeet.nl/informatie-over-het-coronavirus/liveblog-coronavirus,https://www.nunspeet.nl/nieuws,,
,Gemeente,Oegstgeest,Max,22-05-2020,https://www.oegstgeest.nl/gemeente/inwoners/actueel/coronavirus-covid-19/,,https://www.oegstgeest.nl/gemeente/inwoners/actueel/nieuws/,,
,Gemeente,Oirschot,Max,22-05-2020,https://www.oirschot.nl/coronavirus?origin=/coronavirus-nieuw-advies-voor-inwoners-noord-brabant-09-03-2020,,https://www.oirschot.nl/nieuws,,
,Gemeente,Oisterwijk,Max,22-05-2020,https://oisterwijk.nl/coronavirus.html,https://oisterwijk.nl/nieuws/actueel/artikel/corona-update-19-mei-de-volgende-stap-in-de-corona-aanpak-319.html,https://oisterwijk.nl/nieuws.html / https://oisterwijk.nl/nieuws/rss.html,,
,Gemeente,Oldambt,Max,22-05-2020,https://www.gemeente-oldambt.nl/vragen-over-corona,,https://www.gemeente-oldambt.nl/news,Ondernemers: https://www.gemeente-oldambt.nl/hulp-voor-ondernemers,
,Gemeente,Oldebroek,Max,22-05-2020,https://www.oldebroek.nl/Bestuur_en_organisatie/Actueel/Coronavirus/Informatie_over_het_coronavirus,https://www.oldebroek.nl/Bestuur_en_organisatie/Actueel/Coronavirus/Laatste_nieuws_over_coronavirus,https://www.oldebroek.nl/Configuratie_homepage/Nieuws,Ondernemers: https://www.oldebroek.nl/Bestuur_en_organisatie/Actueel/Coronavirus/Informatie_over_coronavirus_voor_ondernemers,
,Gemeente,Oldenzaal,Max,22-05-2020,https://www.oldenzaal.nl/coronavirus,https://www.oldenzaal.nl/corona-de-maatregelen,https://www.oldenzaal.nl/nieuws-overzicht,,
,Gemeente,Olst-Wijhe,Max,22-05-2020,https://www.olst-wijhe.nl/coronavirus,https://www.olst-wijhe.nl/samenleven/veiligheid/coronavirus/coronavirus-laatste-nieuws,https://www.olst-wijhe.nl/laatstenieuws,,
,Gemeente,Ommen,Max,22-05-2020,https://www.ommen.nl/corona.html,https://www.ommen.nl/corona/het-laatste-nieuws.html,https://www.ommen.nl/index.php?id=5282,,
,Gemeente,Oost Gelre,Max,22-05-2020,https://www.oostgelre.nl/coronavirus,https://www.oostgelre.nl/coronavirus-nieuwsberichten,https://www.oostgelre.nl/nieuws,,
,Gemeente,Ooststellingwerf,Max,22-05-2020,https://www.ooststellingwerf.nl/corona,,https://www.ooststellingwerf.nl/nieuws,,
,Gemeente,Oostzaan,Max,22-05-2020,https://www.ooststellingwerf.nl/nieuws,,https://www.oostzaan.nl/mozard/!suite05.scherm1069?mNwc=21 / https://www.oostzaan.nl/mozard/!suite05.scherm1443?mNwc=21,,
,Gemeente,Opmeer,Max,22-05-2020,https://www.opmeer.nl/inwoners-en-het-coronavirus,,https://www.opmeer.nl/nieuws,"Ondernemers: https://www.opmeer.nl/ondernemers-en-het-coronavirus, Vrije tijd: https://www.opmeer.nl/vrije-tijd-en-het-coronavirus",
,Gemeente,Opsterland,Max,22-05-2020,https://www.opsterland.nl/Inwoners/Corona,https://www.opsterland.nl/Inwoners/Corona/Nieuws_corona,https://www.opsterland.nl/Inwoners/Actueel/Actueel,,
,Gemeente,Oude IJsselstreek,Max,22-05-2020,https://www.oude-ijsselstreek.nl/corona,,https://www.oude-ijsselstreek.nl/nieuws,,
,Gemeente,Ouder-Amstel,Max,22-05-2020,,https://www.ouder-amstel.nl/Home/Nieuws_en_actualiteiten/Laatste_nieuws_coronavirus,https://www.ouder-amstel.nl/Home/Nieuws_en_actualiteiten/Nieuws,,
,Gemeente,Oudewater,Max,22-05-2020,https://www.oudewater.nl/inwoners/liveblog-coronavirus-oudewater,https://www.oudewater.nl/inwoners/liveblog-coronavirus-oudewater,https://www.oudewater.nl/nieuws,,
,Gemeente,Papendrecht,Max,22-05-2020,,https://www.papendrecht.nl/Inwoners/Overzicht_Inwoners/Nieuws_en_bekendmakingen/Nieuwsarchief/2020/Maart/Coronavirus_met_updates,https://www.papendrecht.nl/Inwoners/Overzicht_Inwoners/Nieuws_en_bekendmakingen/Nieuws,,
,Gemeente,Peel en Maas,Max,22-05-2020,https://www.peelenmaas.nl/inwoners-en-ondernemers/nieuws-en-actualiteiten/coronavirus/,https://www.peelenmaas.nl/inwoners-en-ondernemers/nieuws/2020/03/12/informatie-over-het-coronavirus,https://www.peelenmaas.nl/inwoners-en-ondernemers/nieuws/,,
,Gemeente,Pekela,Max,22-05-2020,,https://www.pekela.nl/Corona/Nieuws_over_coronavirus,https://www.pekela.nl/Bestuur/Nieuws/Nieuws,,
,Gemeente,Pijnacker-Nootdorp,Max,22-05-2020,https://www.pijnacker-nootdorp.nl/artikelen/dossier-coronavirus-covid-19.htm,,https://www.pijnacker-nootdorp.nl/actueel.htm,,
,Gemeente,Putten,Max,22-05-2020,https://www.putten.nl/Inwoners/Actueel/Nieuws/Coronavirus,https://www.putten.nl/Inwoners/Actueel/Nieuws/Coronavirus/Liveblog_coronavirus,https://www.putten.nl/Inwoners/Inhoud_landingspagina_inwoners/Nieuws,,
,Gemeente,Raalte,Max,25-05-2020,https://www.raalte.nl/informatie-over-coronavirus,,https://www.raalte.nl/news,,
,Gemeente,Reimerswaal,Max,25-05-2020,https://www.reimerswaal.nl/home/coronavirus_43130/,,https://www.reimerswaal.nl/home/nieuws_42860/,,
,Gemeente,Renkum,Max,25-05-2020,https://www.renkum.nl/Bestuur/Actueel/Coronavirus,https://www.renkum.nl/Bestuur/Actueel/Coronavirus/Laatste_nieuws,https://www.renkum.nl/Bestuur/Actueel/RSS_Nieuws,,
,Gemeente,Renswoude,Max,25-05-2020,https://www.renswoude.nl/inwoners/corona_42051/,,https://www.renswoude.nl/bestuur-organisatie/nieuwsberichten_41394/,,
,Gemeente,Reusel-De Mierden,Max,25-05-2020,https://www.reuseldemierden.nl/inwoners-en-ondernemers/actuele-informatie-over-het-coronavirus-covid-19_43986/,,https://www.reuseldemierden.nl/inwoners-en-ondernemers/nieuwsberichten_42512/,,
,Gemeente,Rheden,Max,25-05-2020,https://www.rheden.nl/Inwoners/Nieuws/Alles_over_het_coronavirus,,https://www.rheden.nl/Inwoners/Nieuws,,
,Gemeente,Rhenen,Max,25-05-2020,,https://www.rhenen.nl/mozard/!suite86.scherm0325?mPag=4241&mNch=hmewuouf4r,https://www.rhenen.nl/mozard/!suite05.scherm1069?mNwc=21,,
,Gemeente,Rijssen-Holten,Max,25-05-2020,,https://www.rijssen-holten.nl/actueel/nieuws/informatie-over-het-coronavirus-covid-19,https://www.rijssen-holten.nl/actueel/publicatie/laatste-nieuws,,
,Gemeente,Roerdalen,Max,25-05-2020,https://www.roerdalen.nl/corona,https://www.roerdalen.nl/nieuws-rondom-het-coronavirus,https://www.roerdalen.nl/nieuws,,
,Gemeente,De Ronde Venen,Max,25-05-2020,https://gemeente.derondevenen.nl/Bestuur_en_organisatie/Actueel/Nieuws/Archief_Nieuwsberichten/Nieuwsberichten_2020/Informatie_over_het_coronavirus/Nieuws_over_het_coronavirus,https://gemeente.derondevenen.nl/Bestuur_en_organisatie/Actueel/Nieuws/Archief_Nieuwsberichten/Nieuwsberichten_2020/Informatie_over_het_coronavirus/Nieuws_over_het_coronavirus/Onderwerpen_coronavirus/Updates_over_het_coronavirus,https://gemeente.derondevenen.nl/Bestuur_en_organisatie/Actueel/Nieuws,,
,Gemeente,Rozendaal,Max,25-05-2020,https://www.rozendaal.nl/Inwoners/Nieuws/Alles_over_het_coronavirus,https://www.rozendaal.nl/Inwoners/Nieuws/Alles_over_het_coronavirus/Adviezen_en_actueel_nieuws,https://www.rozendaal.nl/Inwoners/Nieuws,,
,Gemeente,Rucphen,Max,25-05-2020,,https://www.rucphen.nl/Coronavirus,https://www.rucphen.nl/Inwoner/Nieuws,,
,Gemeente,Scherpenzeel,Max,25-05-2020,https://www.scherpenzeel.nl/coronavirus/nieuws_43097/item/actueel-nieuws-over-maatregelen-tegen-coronavirus_126991.html,https://www.scherpenzeel.nl/coronavirus/nieuws_43097/,https://www.scherpenzeel.nl/inwoners/actualiteiten_41168/,,
,Gemeente,Schiermonnikoog,Max,25-05-2020,https://www.schiermonnikoog.nl/home-schiermonnikoog/informatie-over-corona_46160/,,https://www.schiermonnikoog.nl/in-de-gemeente/nieuws_42819/,,
,Gemeente,Schouwen-Duiveland,Max,25-05-2020,,https://www.schouwen-duiveland.nl/calamity/Coronavirus,https://www.schouwen-duiveland.nl/bestuur-en-organisatie/nieuws-en-actualiteit,,
,Gemeente,Simpelveld,Max,25-05-2020,https://www.simpelveld.nl/portal/coronavirus_3731/,,https://www.simpelveld.nl/actueel/nieuws_3740/,,
,Gemeente,Sint Anthonis,Max,25-05-2020,https://www.sintanthonis.nl/inwoners/informatie-coronavirus_42317/,https://www.sintanthonis.nl/inwoners/informatie-coronavirus_42317/item/overzicht-nieuwsberichten-corona-gemeente-sint-anthonis_45424.html,https://www.sintanthonis.nl/inwoners/nieuws_41136/,,
,Gemeente,Sint-Michielsgestel,Max,25-05-2020,,https://www.sint-michielsgestel.nl/nieuws/nieuws-over-maatregelen-coronavirus,https://www.sint-michielsgestel.nl/nieuws,,
,Gemeente,Sliedrecht,Max,25-05-2020,https://www.sliedrecht.nl/Nieuws_bekendmakingen/Nieuws/Nieuwsarchief/2020/Informatie_over_het_coronavirus,,https://www.sliedrecht.nl/Nieuws_bekendmakingen/Nieuws,,
,Gemeente,Sluis,Max,25-05-2020,https://www.gemeentesluis.nl/Bestuur_en_Organisatie/Nieuws/Nieuwsdossier_Coronavirus,https://www.gemeentesluis.nl/Bestuur_en_Organisatie/Nieuws/Nieuwsdossier_Coronavirus/Liveblog_coronavirus,https://www.gemeentesluis.nl/Inwoners/Configuratie_Landing_1/rij_1/Nieuws,,
,Gemeente,Someren,Max,25-05-2020,https://www.someren.nl/wonen/coronavirus-covid-19.html,,https://www.someren.nl/nc/nieuws.html,,
,Gemeente,Son en Breugel,Max,26-05-2020,https://www.sonenbreugel.nl/update-maatregelen-coronavirus,https://www.sonenbreugel.nl/informatie-inwoners,https://www.sonenbreugel.nl/nieuws/,Informatie: Ondernemers,
,Gemeente,Stadskanaal,Max,26-05-2020,,,https://www.stadskanaal.nl/actueel/nieuws,,
,Gemeente,Staphorst,Max,26-05-2020,https://www.staphorst.nl/inwoners/coronavirus_44805/,,https://www.staphorst.nl/inwoners/actuele-berichten_42822/,,
,Gemeente,Stede Broec,Max,26-05-2020,https://www.stedebroec.nl/coronavirus,,https://www.stedebroec.nl/nieuwsoverzicht,,
,Gemeente,Steenbergen,Max,2-6-2020,,https://www.gemeente-steenbergen.nl/nieuws_en_persberichten/nieuws_coronavirus/,https://www.gemeente-steenbergen.nl/rss/nieuws_en_persberichten/,,
,Gemeente,Steenwijkerland,Max,2-6-2020,https://www.steenwijkerland.nl/Over_Steenwijkerland/Nieuws/Actualiteiten/Coronavirus,https://www.steenwijkerland.nl/Over_Steenwijkerland/Nieuws/Actualiteiten/Coronavirus/Gemeente,https://www.steenwijkerland.nl/Inwoners/Actueel/Nieuws/Nieuws,,
,Gemeente,Stein,Max,2-6-2020,https://www.gemeentestein.nl/corona,,https://www.gemeentestein.nl/nieuws/,,
,Gemeente,Terschelling,Max,2-6-2020,https://www.terschelling.nl/t-actueel/informatie-coronavirus_46116/item/informatie-coronavirus-voor-gasten_52889.html,,https://www.terschelling.nl/t-actueel/nieuws_42180/,,
,Gemeente,Texel,Max,2-6-2020,https://www.texel.nl/mozard/!suite86.scherm0325?mPag=5951,,https://www.texel.nl/mozard/!suite05.scherm1069?mNwc=129,,
,Gemeente,Teylingen,Max,2-6-2020,https://www.teylingen.nl/nieuws/nieuwsbericht/artikel/detail/News/actuele-informatie-over-het-coronavirus-829.html,,https://www.teylingen.nl/nieuws.html,,
,Gemeente,Tholen,Max,2-6-2020,,https://www.tholen.nl/inwoners/actueel/coronavirus,https://www.tholen.nl/inwoners/actueel/Al-het-nieuws,,
,Gemeente,Tiel,Max,2-6-2020,,https://www.tiel.nl/nieuws-coronavirus,https://www.tiel.nl/nieuwsoverzicht,,
,Gemeente,Tubbergen,Max,2-6-2020,https://www.tubbergen.nl/informatie-coronavirus,https://www.tubbergen.nl/overzicht-nieuwsberichten-coronavirus,https://www.tubbergen.nl/nieuwsoverzicht,,
,Gemeente,Twenterand,Max,2-6-2020,https://www.twenterand.nl/coronavirus,,https://www.twenterand.nl/nieuws,,
,Gemeente,Tynaarlo,Max,2-6-2020,https://www.tynaarlo.nl/coronavirus,https://www.tynaarlo.nl/coronavirus/nieuwspagina,https://www.tynaarlo.nl/actualiteiten,,
,Gemeente,Tytsjerksteradiel,Max,2-6-2020,https://www.t-diel.nl/inwoners-t-diel/corona_48047/,,https://www.t-diel.nl/inwoners-t-diel/nieuws_47795/,,
,Gemeente,Uden,Max,2-6-2020,https://www.uden.nl/inwoners/coronavirus/,,https://www.uden.nl/inwoners/nieuws/,,
,Gemeente,Uitgeest,Max,2-6-2020,https://www.uitgeest.nl/index.php?id=4496&MP=4496-4498,,https://www.uitgeest.nl/nieuwsoverzicht,,
,Gemeente,Uithoorn,Max,2-6-2020,,https://www.uithoorn.nl/Home/Nieuws_en_actualiteiten/Laatste_nieuws_coronavirus,https://www.uithoorn.nl/Home/Nieuws_en_actualiteiten/Nieuws,,
,Gemeente,Urk,Max,2-6-2020,,https://www.urk.nl/nieuwsoverzicht,https://www.urk.nl/nieuws,,
,Gemeente,Vaals,Max,2-6-2020,https://www.vaals.nl/actueel/coronavirus/,https://www.vaals.nl/actueel/coronavirus/nieuwsberichten,https://www.vaals.nl/actueel/,,
,Gemeente,Valkenburg aan de Geul,Max,2-6-2020,http://www.valkenburg.nl/actueel/informatie-over-het-coronavirus_42141/,http://www.valkenburg.nl/actueel/nieuws_41411/item/informatie-over-het-coronavirus-voor-inwoners-en-ondernemers_43156.html,http://www.valkenburg.nl/actueel/nieuws_41411/,,
,Gemeente,Valkenswaard,Max,2-6-2020,,https://www.valkenswaard.nl/in-valkenswaard/nieuws_42845/item/het-coronavirus-alle-updates_93566.html,https://www.valkenswaard.nl/in-valkenswaard/nieuws_42845/,,
,Gemeente,Veendam,Max,2-6-2020,https://www.veendam.nl/Corona,https://www.veendam.nl/Corona/Nieuws_over_coronavirus,https://www.veendam.nl/Bestuur/Nieuwsberichten/Nieuws,,
,Gemeente,Veere,Max,2-6-2020,https://www.veere.nl/coronavirus?origin=/coronavirus-0,,https://www.veere.nl/nieuws,,
,Gemeente,Venray,Max,2-6-2020,https://www.venray.nl/informatie-coronavirus,,https://www.venray.nl/nieuwsoverzicht,,
,Gemeente,Vijfheerenlanden,Max,2-6-2020,https://www.vijfheerenlanden.nl/Inwoners/Inwonersnieuws/Coronavirus,,https://www.vijfheerenlanden.nl/Inwoners/Inwonersnieuws,,
,Gemeente,Vlieland,Max,2-6-2020,,https://www.vlieland.nl/home-vlieland/nieuws_42125/item/coronavirus-update-10-mei-2020_53029.html,https://www.vlieland.nl/home-vlieland/nieuws_42125/,,
,Gemeente,Vlissingen,Max,2-6-2020,,https://www.vlissingen.nl/inwoner/corona-nieuwsoverzicht.html,https://www.vlissingen.nl/inwoner/nieuws.html,,
,Gemeente,Voerendaal,Max,2-6-2020,https://www.voerendaal.nl/over-voerendaal/veiligheid/coronavirus.html,,https://www.voerendaal.nl/over-voerendaal/over-de-gemeente/nieuws.html,,
,Gemeente,Voorschoten,Max,2-6-2020,https://www.voorschoten.nl/inwoners-voorschoten/informatie-coronavirus-inwoners_45741/,,https://www.voorschoten.nl/portal-voorschoten/nieuws_288/,,
,Gemeente,Voorst,Max,2-6-2020,https://www.voorst.nl/coronavirus,,https://www.voorst.nl/nieuws,,
,Gemeente,Vught,Max,2-6-2020,https://vught.nl/coronavirus,,https://vught.nl/nieuwsoverzicht,,
,Gemeente,Waadhoeke,Max,2-6-2020,,https://www.waadhoeke.nl/coronavirus/laatste-nieuws.html,https://www.waadhoeke.nl/nieuws/nieuwsberichten.html,,
,Gemeente,Waalre,Max,2-6-2020,https://www.waalre.nl/corona,https://www.waalre.nl/corona#nieuwsberichten,https://www.waalre.nl/nieuws/,,
,Gemeente,Waddinxveen,Max,2-6-2020,https://www.waddinxveen.nl/nieuws-over-coronavirus,,https://www.waddinxveen.nl/nieuws,,
,Gemeente,Wageningen,Max,2-6-2020,https://www.wageningen.nl/Coronavirus,https://www.wageningen.nl/Coronavirus/coronanieuws,https://www.wageningen.nl/Bestuur/Nieuws_en_actualiteit/Nieuwsberichten,,
,Gemeente,Wassenaar,Max,2-6-2020,https://www.wassenaar.nl/inwoners-wassenaar/informatie-coronavirus-voor-inwoners_45744/,,https://www.wassenaar.nl/portal-wassenaar/nieuws_297/,Ondernemers: https://www.wassenaar.nl/ondernemers-wassenaar/informatie-coronavirus-ondernemers_45753/,
,Gemeente,Waterland,Max,2-6-2020,https://www.waterland.nl/overzicht_corona,https://www.waterland.nl/corona,https://www.waterland.nl/nieuws,Ondernemers: https://www.waterland.nl/product/ondernemen-en-het-coronavirus,
,Gemeente,Weesp,Max,2-6-2020,,https://www.weesp.nl/bestuur-organisatie/actualiteiten_42675/item/update-coronavirus-1-juni-1600-uur_101630.html,https://www.weesp.nl/bestuur-organisatie/actualiteiten_42675/,,
,Gemeente,West Betuwe,Max,2-6-2020,https://www.westbetuwe.nl/informatie-over-het-coronavirus,https://www.westbetuwe.nl/updates,https://www.westbetuwe.nl/nieuwsoverzicht,,
,Gemeente,West Maas en Waal,Max,2-6-2020,https://www.westmaasenwaal.nl/corona,,https://www.westmaasenwaal.nl/nieuws,,
,Gemeente,Westerkwartier,Max,2-6-2020,https://www.westerkwartier.nl/bestuur-organisatie/corona_41427/,,https://www.westerkwartier.nl/bestuur-organisatie/nieuws_3190/,,
,Gemeente,Westerveld,Max,2-6-2020,,https://www.gemeentewesterveld.nl/Bestuur_en_organisatie/Actueel/Corona_nieuws,https://www.gemeentewesterveld.nl/Bestuur_en_organisatie/Actueel/Nieuws,,
,Gemeente,Westervoort,Max,2-6-2020,https://www.westervoort.nl/coronavirus-0,,https://www.westervoort.nl/node/402,,
,Gemeente,Westerwolde,Max,2-6-2020,https://www.westerwolde.nl/corona,,https://www.westerwolde.nl/nieuwsoverzicht,,
,Gemeente,Weststellingwerf,Max,2-6-2020,https://www.weststellingwerf.nl/home/coronavirus_42560/,,https://www.weststellingwerf.nl/home/actueel-in-weststellingwerf_3719/,,
,Gemeente,Westvoorne,Max,2-6-2020,https://www.westvoorne.nl/portal/coronavirus_44958/,,https://www.westvoorne.nl/portal/nieuws_42099/,,
,Gemeente,Wierden,Max,2-6-2020,https://www.wierden.nl/in-en-over-wierden/corona_43247/,https://www.wierden.nl/in-en-over-wierden/nieuwsberichten_42056/rubriek/nieuws-over-het-coronavirus_2398.html,https://www.wierden.nl/in-en-over-wierden/nieuwsberichten_42056/,,
,Gemeente,Wijchen,Max,2-6-2020,https://www.wijchen.nl/corona,https://www.wijchen.nl/nieuws-corona,https://www.wijchen.nl/nieuws,,
,Gemeente,Wijdemeren,Max,2-6-2020,,https://www.wijdemeren.nl/160765-coronavirus,https://www.wijdemeren.nl/Nieuws,,
,Gemeente,Wijk bij Duurstede,Max,2-6-2020,,https://www.wijkbijduurstede.nl/inwoners/corona-liveblog.html,https://www.wijkbijduurstede.nl/nieuws.html,,
,Gemeente,Winterswijk,Max,2-6-2020,https://www.winterswijk.nl/Inwoners_Ondernemers/Actueel/Coronavirus,https://www.winterswijk.nl/Inwoners_Ondernemers/Actueel/Coronavirus/Nieuwsberichten,https://www.winterswijk.nl/Inwoners_Ondernemers/Actueel/Nieuws,,
,Gemeente,Woensdrecht,Max,2-6-2020,,https://www.woensdrecht.nl/home/coronavirus-covid-19_44541/,https://www.woensdrecht.nl/home/nieuwsberichten_43424/,,
,Gemeente,De Wolden,Max,2-6-2020,https://www.dewolden.nl/dossiers/informatie-coronavirus,https://www.dewolden.nl/dossiers/informatie-coronavirus/nieuwsoverzicht,https://www.dewolden.nl/nieuwsoverzicht,,
,Gemeente,Wormerland,Max,2-6-2020,https://www.wormerland.nl/mozard/!suite86.scherm0325?mPag=3587,,https://www.wormerland.nl/mozard/!suite05.scherm1069?mNwc=22,,
,Gemeente,Woudenberg,Max,2-6-2020,https://www.woudenberg.nl/coronavirus,,https://www.woudenberg.nl/nieuwsoverzicht,,
,Gemeente,Zaltbommel,Max,2-6-2020,https://www.zaltbommel.nl/inwoner-en-ondernemer/nieuws/coronavirus/index,https://www.zaltbommel.nl/inwoner-en-ondernemer/nieuws/coronavirus/nieuwsoverzicht-coronavirus,https://www.zaltbommel.nl/inwoner-en-ondernemer/nieuws/nieuwsoverzicht/,,
,Gemeente,Zandvoort,Max,2-6-2020,https://www.zandvoort.nl/corona/,https://www.zandvoort.nl/inwoners-en-ondernemers/nieuws/,https://www.zandvoort.nl/inwoners-en-ondernemers/nieuws/,,
,Gemeente,Zeewolde,Max,2-6-2020,https://www.zeewolde.nl/coronavirus,,https://www.zeewolde.nl/actueel,,
,Gemeente,Zevenaar,Max,2-6-2020,https://www.zevenaar.nl/algemene-informatie-over-het-covid-19-virus-0,,https://www.zevenaar.nl/nieuwsoverzicht,,
,Gemeente,Zoeterwoude,Tom,,https://www.zoeterwoude.nl/home/maatregelen-en-gevolgen-coronavirus_42984/,,https://www.zoeterwoude.nl/home/nieuws_42161/,,
,Gemeente,Zuidplas,Tom,,https://www.zuidplas.nl/coronavirus,,https://www.zuidplas.nl/nieuws,,
,Gemeente,Zundert,Tom,,https://www.zundert.nl/corona,,https://www.zundert.nl/nieuws,,
,Gemeente,Zwartewaterland,Tom,,https://www.zwartewaterland.nl/corona,https://www.zwartewaterland.nl/nieuws-over-het-coronavirus,https://www.zwartewaterland.nl/nieuws,,